--SQL Scripts
--Table : CASES
--Creation
CREATE TABLE CASES(CASE_ID INT NOT NULL ,CASE_STATUS VARCHAR(10),CUSTOMER_ID INT ,PRIMARY KEY(CASE_ID));

--Insertion
INSERT INTO CASES (CASE_ID,CASE_STATUS,CUSTOMER_ID) VALUES (20220301,'CLOSED',100202201);
INSERT INTO CASES (CASE_ID , CASE_STATUS,CUSTOMER_ID) VALUES (20220302,'SUCCESS', 100202202);
INSERT INTO CASES (CASE_ID , CASE_STATUS,CUSTOMER_ID) VALUES (20220303,'CLOSED', 100202203);
INSERT INTO CASES (CASE_ID , CASE_STATUS,CUSTOMER_ID) VALUES (20220304,'CLOSED', 100202202);
INSERT INTO CASES (CASE_ID , CASE_STATUS,CUSTOMER_ID) VALUES (20220305,'CLOSED', 100202201);	
INSERT INTO CASES (CASE_ID , CASE_STATUS,CUSTOMER_ID) VALUES (20220306,'SUCCESS', 100202201);
INSERT INTO CASES (CASE_ID , CASE_STATUS,CUSTOMER_ID) VALUES (20220307,'CLOSED', 100202208);
INSERT INTO CASES (CASE_ID , CASE_STATUS,CUSTOMER_ID) VALUES (20220308,'CLOSED', 100202208);
INSERT INTO CASES (CASE_ID , CASE_STATUS,CUSTOMER_ID) VALUES (20220309,'SUCCESS', 100202201);
INSERT INTO CASES (CASE_ID , CASE_STATUS,CUSTOMER_ID) VALUES (20220310,'SUCCESS', 100202206);
INSERT INTO CASES (CASE_ID , CASE_STATUS,CUSTOMER_ID) VALUES (20220311,'CLOSED', 100202204);
INSERT INTO CASES (CASE_ID , CASE_STATUS,CUSTOMER_ID) VALUES (20220312,'SUCCESS', 100202202);
INSERT INTO CASES (CASE_ID , CASE_STATUS,CUSTOMER_ID) VALUES (20220313,'CLOSED', 100202204);
INSERT INTO CASES (CASE_ID , CASE_STATUS,CUSTOMER_ID) VALUES (20220314,'CLOSED', 100202202);
INSERT INTO CASES (CASE_ID , CASE_STATUS,CUSTOMER_ID) VALUES (20220315,'CLOSED', 100202206);
INSERT INTO CASES (CASE_ID , CASE_STATUS,CUSTOMER_ID) VALUES (20220316,'SUCCESS', 100202209);
INSERT INTO CASES (CASE_ID , CASE_STATUS,CUSTOMER_ID) VALUES (20220317,'CLOSED', 100202208);
INSERT INTO CASES (CASE_ID , CASE_STATUS,CUSTOMER_ID) VALUES (20220318,'SUCCESS', 100202207);
INSERT INTO CASES (CASE_ID , CASE_STATUS,CUSTOMER_ID) VALUES (20220319,'SUCCESS', 100202207);
INSERT INTO CASES (CASE_ID , CASE_STATUS,CUSTOMER_ID) VALUES (20220320,'CLOSED', 100202208);
INSERT INTO CASES (CASE_ID , CASE_STATUS,CUSTOMER_ID) VALUES (20220321,'SUCCESS', 100202205);
INSERT INTO CASES (CASE_ID , CASE_STATUS,CUSTOMER_ID) VALUES (20220322,'CLOSED', 100202205);
INSERT INTO CASES (CASE_ID , CASE_STATUS,CUSTOMER_ID) VALUES (20220323,'SUCCESS', 100202210);
INSERT INTO CASES (CASE_ID , CASE_STATUS,CUSTOMER_ID) VALUES (20220324,'CLOSED', 100202208);
INSERT INTO CASES (CASE_ID , CASE_STATUS,CUSTOMER_ID) VALUES (20220325,'CLOSED', 100202210);
INSERT INTO CASES (CASE_ID , CASE_STATUS,CUSTOMER_ID) VALUES (20220326,'CLOSED', 100202209);
INSERT INTO CASES (CASE_ID , CASE_STATUS,CUSTOMER_ID) VALUES (20220327,'CLOSED', 100202209);
INSERT INTO CASES (CASE_ID , CASE_STATUS,CUSTOMER_ID) VALUES (20220328,'OPEN', 100202202);
INSERT INTO CASES (CASE_ID , CASE_STATUS,CUSTOMER_ID) VALUES (20220329,'OPEN', 100202208);
INSERT INTO CASES (CASE_ID , CASE_STATUS,CUSTOMER_ID) VALUES (20220330,'SUCCESS',100202204);
INSERT INTO CASES (CASE_ID , CASE_STATUS,CUSTOMER_ID) VALUES (20220331,'CLOSED', 100202208);
INSERT INTO CASES (CASE_ID , CASE_STATUS,CUSTOMER_ID) VALUES (20220332,'CLOSED', 100202204);
INSERT INTO CASES (CASE_ID , CASE_STATUS,CUSTOMER_ID) VALUES (20220333,'OPEN', 100202202);
INSERT INTO CASES (CASE_ID , CASE_STATUS,CUSTOMER_ID) VALUES (20220334,'CLOSED', 100202201);
INSERT INTO CASES (CASE_ID , CASE_STATUS,CUSTOMER_ID) VALUES (20220335,'OPEN', 100202208);


--TABLE : CUSTOMER

--Creation
CREATE TABLE CUSTOMER (CUSTOMER_ID INT NOT NULL, CUSTOMER_NAME VARCHAR(30),ADDRESS VARCHAR (50), CUSTOMER_PHONE INT, CUSTOMER_EMAIL VARCHAR(20) , PERSON_IN_CHARGE VARCHAR (30) , PRIMARY KEY (CUSTOMER_ID));
--Insertion 
INSERT INTO CUSTOMER (CUSTOMER_ID , CUSTOMER_NAME , ADDRESS , CUSTOMER_PHONE , CUSTOMER_EMAIL , PERSON_IN_CHARGE) VALUES (100202201,'AMAZON','SEATTLE,WASHINGTON',2035706043,'info@amazon.com','Chandler Bing');
INSERT INTO CUSTOMER (CUSTOMER_ID , CUSTOMER_NAME , ADDRESS , CUSTOMER_PHONE , CUSTOMER_EMAIL , PERSON_IN_CHARGE) VALUES (100202202,'TESLA','AUSTIN,TEXAS',4758007925,'info@tesla.com','Robert Pattinson');
INSERT INTO CUSTOMER (CUSTOMER_ID , CUSTOMER_NAME , ADDRESS , CUSTOMER_PHONE , CUSTOMER_EMAIL , PERSON_IN_CHARGE) VALUES (100202203,'MICROSOFT','REDMOND,WASHINGTON',677823123,'info@microsoft.com','Chris Evans');
INSERT INTO CUSTOMER (CUSTOMER_ID , CUSTOMER_NAME , ADDRESS , CUSTOMER_PHONE , CUSTOMER_EMAIL , PERSON_IN_CHARGE) VALUES (100202204,'FERRARI','MARANELLO,ITALY',9048070707,'info@ferrari.com','Paul Walker');
INSERT INTO CUSTOMER (CUSTOMER_ID , CUSTOMER_NAME , ADDRESS , CUSTOMER_PHONE , CUSTOMER_EMAIL , PERSON_IN_CHARGE) VALUES (100202205,'GE','BOSTON,MASSACHUSETTS',8547374658,'info@ge.com','Mark Ruffalo');
INSERT INTO CUSTOMER (CUSTOMER_ID , CUSTOMER_NAME , ADDRESS , CUSTOMER_PHONE , CUSTOMER_EMAIL , PERSON_IN_CHARGE) VALUES (100202206,'NYKAA','MUMBAI,INDIA',9995440272,'info@nykaa.com','Deepika Padukone');
INSERT INTO CUSTOMER (CUSTOMER_ID , CUSTOMER_NAME , ADDRESS , CUSTOMER_PHONE , CUSTOMER_EMAIL , PERSON_IN_CHARGE) VALUES (100202207,'TARGET','MINNEAPOLIS,MINNESOTTA',9618812900,'info@target.com','Scarlett Johansson');
INSERT INTO CUSTOMER (CUSTOMER_ID , CUSTOMER_NAME , ADDRESS , CUSTOMER_PHONE , CUSTOMER_EMAIL , PERSON_IN_CHARGE) VALUES (100202208,'WALMART','BENTONVILLE,ARKANSAS',9496091931,'info@walmart.com','Jimmy Fallon');
INSERT INTO CUSTOMER (CUSTOMER_ID , CUSTOMER_NAME , ADDRESS , CUSTOMER_PHONE , CUSTOMER_EMAIL , PERSON_IN_CHARGE) VALUES (100202209,'LOUIS VUITTON','PARIS,FRANCE',8790321191,'info@lv.com','Jennifer Anniston');
INSERT INTO CUSTOMER (CUSTOMER_ID , CUSTOMER_NAME , ADDRESS , CUSTOMER_PHONE , CUSTOMER_EMAIL , PERSON_IN_CHARGE) VALUES (100202210,'GUCCI','FLORENCE,ITALY',9048784007,'info@gucci.com','Priyanka Chopra Jonas');


--TABLE : SHIPPING LINE

--Creation
CREATE TABLE SHIPPING_LINE (LINER_ID INT NOT NULL, LINER_NAME VARCHAR (15) , LINER_ADDRESS VARCHAR (30) , LINER_PHONE INT, LINER_EMAIL VARCHAR (20),COMMISSION_PCT FLOAT, PRIMARY KEY (LINER_ID));

--Insertion 
INSERT INTO SHIPPING_LINE (LINER_ID,LINER_NAME,LINER_ADDRESS,LINER_PHONE,LINER_EMAIL,COMMISSION_PCT) VALUES (9877001,'APL','WASHINGTON',6779870001,'info@apl.com',0.15);
INSERT INTO SHIPPING_LINE (LINER_ID,LINER_NAME,LINER_ADDRESS,LINER_PHONE,LINER_EMAIL,COMMISSION_PCT) VALUES (9877002,'MSC','GENEVA',7279870032,'info@msc.com',0.2);
INSERT INTO SHIPPING_LINE (LINER_ID,LINER_NAME,LINER_ADDRESS,LINER_PHONE,LINER_EMAIL,COMMISSION_PCT) VALUES (9877003,'MAERSK','COPENHAGEN',8669824001,'info@maersk.com',0.15);
INSERT INTO SHIPPING_LINE (LINER_ID,LINER_NAME,LINER_ADDRESS,LINER_PHONE,LINER_EMAIL,COMMISSION_PCT) VALUES (9877004,'SAFMARINE','CAPE TOWN',9875542231,'info@safmarine.com',0.25);
INSERT INTO SHIPPING_LINE (LINER_ID,LINER_NAME,LINER_ADDRESS,LINER_PHONE,LINER_EMAIL,COMMISSION_PCT) VALUES (9877005,'MOL','TOKYO',7654123765,'info@mol.com',0.05);
INSERT INTO SHIPPING_LINE (LINER_ID,LINER_NAME,LINER_ADDRESS,LINER_PHONE,LINER_EMAIL,COMMISSION_PCT) VALUES (9877006,'NYK','TOKYO',7645332345,'info@nyk.com',0.15);
INSERT INTO SHIPPING_LINE (LINER_ID,LINER_NAME,LINER_ADDRESS,LINER_PHONE,LINER_EMAIL,COMMISSION_PCT) VALUES (9877007,'ONE','SINGAPORE',8807765211,'info@one.com',0.1);
INSERT INTO SHIPPING_LINE (LINER_ID,LINER_NAME,LINER_ADDRESS,LINER_PHONE,LINER_EMAIL,COMMISSION_PCT) VALUES (9877008,'HAMBURGSUD','HAMBURG',2035566771,'info@hamburgsud.com',0.1);
INSERT INTO SHIPPING_LINE (LINER_ID,LINER_NAME,LINER_ADDRESS,LINER_PHONE,LINER_EMAIL,COMMISSION_PCT) VALUES (9877009,'CMA','NORFOLK',6788114451,'info@cma.com',0.05);
INSERT INTO SHIPPING_LINE (LINER_ID,LINER_NAME,LINER_ADDRESS,LINER_PHONE,LINER_EMAIL,COMMISSION_PCT) VALUES (9877010,'EVERGREEN','TAIWAN',5459870201,'info@evergreen.com',0.15);


--TABLE : VESSEL

--Creation
CREATE TABLE VESSEL (VESSEL_ID INT NOT NULL, VESSEL_NAME VARCHAR (20), PORT_OF_LOADING VARCHAR (15) , PORT_OF_DISCHARGE VARCHAR (15) , LINER_ID INT , PRIMARY KEY (VESSEL_ID));     
--Insertion 
INSERT INTO VESSEL (VESSEL_ID,VESSEL_NAME,PORT_OF_LOADING,PORT_OF_DISCHARGE,LINER_ID) VALUES (1001,'MV. APL VANDA', 'Mumbai' , 'Miami', 9877001);
INSERT INTO VESSEL (VESSEL_ID,VESSEL_NAME,PORT_OF_LOADING,PORT_OF_DISCHARGE,LINER_ID) VALUES (1002,'MV. MAERSK EVA', 'Hamburg' , 'Los Angeles', 9877003);
INSERT INTO VESSEL (VESSEL_ID,VESSEL_NAME,PORT_OF_LOADING,PORT_OF_DISCHARGE,LINER_ID) VALUES (1012,'MV. MSC ANNA', 'Le Havre' , 'New York', 9877002);
INSERT INTO VESSEL (VESSEL_ID,VESSEL_NAME,PORT_OF_LOADING,PORT_OF_DISCHARGE,LINER_ID) VALUES (1027,'MV. CMA TIA', 'Genova' , 'Houston', 9877009);
INSERT INTO VESSEL (VESSEL_ID,VESSEL_NAME,PORT_OF_LOADING,PORT_OF_DISCHARGE,LINER_ID) VALUES (1025,'MV. MAERSK MONA', 'Rotterdam' , 'Oakland', 9877003);
INSERT INTO VESSEL (VESSEL_ID,VESSEL_NAME,PORT_OF_LOADING,PORT_OF_DISCHARGE,LINER_ID) VALUES (1014,'MV. APL DONNA', 'London Gateway' , 'Long Beach', 9877001);
INSERT INTO VESSEL (VESSEL_ID,VESSEL_NAME,PORT_OF_LOADING,PORT_OF_DISCHARGE,LINER_ID) VALUES (1010,'MV. MAERSK LUBNA', 'Antwerp' , 'Norfolk', 9877003);
INSERT INTO VESSEL (VESSEL_ID,VESSEL_NAME,PORT_OF_LOADING,PORT_OF_DISCHARGE,LINER_ID) VALUES (1028,'MV. APL ECSTASY', 'Hamburg' , 'Atlanta', 9877001);
INSERT INTO VESSEL (VESSEL_ID,VESSEL_NAME,PORT_OF_LOADING,PORT_OF_DISCHARGE,LINER_ID) VALUES (1004,'MV. MSC LISA', 'Rotterdam' , 'Los Angeles', 9877002);
INSERT INTO VESSEL (VESSEL_ID,VESSEL_NAME,PORT_OF_LOADING,PORT_OF_DISCHARGE,LINER_ID) VALUES (1013,'MV. CMA FANTASY', 'Genova' , 'New York', 9877009);
INSERT INTO VESSEL (VESSEL_ID,VESSEL_NAME,PORT_OF_LOADING,PORT_OF_DISCHARGE,LINER_ID) VALUES (1018,'MV. ONE FLORA', 'Lagos' , 'New York', 9877007);
INSERT INTO VESSEL (VESSEL_ID,VESSEL_NAME,PORT_OF_LOADING,PORT_OF_DISCHARGE,LINER_ID) VALUES (1036,'MV. EVERGREEN STELLA', 'Antwerp' , 'Miami', 9877010);
INSERT INTO VESSEL (VESSEL_ID,VESSEL_NAME,PORT_OF_LOADING,PORT_OF_DISCHARGE,LINER_ID) VALUES (1090,'MV. NYK MUSA', 'Hamburg' , 'Houston', 9877006);
INSERT INTO VESSEL (VESSEL_ID,VESSEL_NAME,PORT_OF_LOADING,PORT_OF_DISCHARGE,LINER_ID) VALUES (1030,'MV. MOL TECHNA', 'London Gateway' , 'New York', 9877005);
INSERT INTO VESSEL (VESSEL_ID,VESSEL_NAME,PORT_OF_LOADING,PORT_OF_DISCHARGE,LINER_ID) VALUES (1081,'MV. SAFMARINE ADIRA', 'Lagos' , 'Los Angeles', 9877004);


--TABLE : CONSIGNMENT

--Creation

CREATE TABLE CONSIGNMENT (CONSIGNMENT_ID INT NOT NULL,CUSTOMER_ID INT,VESSEL_ID INT,LINER_ID INT,PRIMARY KEY (CONSIGNMENT_ID));

--Insertion
INSERT INTO CONSIGNMENT (CONSIGNMENT_ID ,CUSTOMER_ID ,VESSEL_ID ,LINER_ID) VALUES (301001,100202201,  1001, 9877001);
INSERT INTO CONSIGNMENT (CONSIGNMENT_ID ,CUSTOMER_ID ,VESSEL_ID ,LINER_ID) VALUES (301002,100202202,  1012, 9877002);
INSERT INTO CONSIGNMENT (CONSIGNMENT_ID ,CUSTOMER_ID ,VESSEL_ID ,LINER_ID) VALUES (301003,100202204,  1025, 9877003);
INSERT INTO CONSIGNMENT (CONSIGNMENT_ID ,CUSTOMER_ID ,VESSEL_ID ,LINER_ID) VALUES (301004,100202205,  1001, 9877001);
INSERT INTO CONSIGNMENT (CONSIGNMENT_ID ,CUSTOMER_ID ,VESSEL_ID ,LINER_ID) VALUES (301005,100202206,  1025, 9877003);
INSERT INTO CONSIGNMENT (CONSIGNMENT_ID ,CUSTOMER_ID ,VESSEL_ID ,LINER_ID) VALUES (301006,100202207,  1012, 9877002);
INSERT INTO CONSIGNMENT (CONSIGNMENT_ID ,CUSTOMER_ID ,VESSEL_ID ,LINER_ID) VALUES (301007,100202209,  1001, 9877001);
INSERT INTO CONSIGNMENT (CONSIGNMENT_ID ,CUSTOMER_ID ,VESSEL_ID ,LINER_ID) VALUES (301008,100202202,  1013, 9877009);
INSERT INTO CONSIGNMENT (CONSIGNMENT_ID ,CUSTOMER_ID ,VESSEL_ID ,LINER_ID) VALUES (301009,100202210,  1027, 9877009);
INSERT INTO CONSIGNMENT (CONSIGNMENT_ID ,CUSTOMER_ID ,VESSEL_ID ,LINER_ID) VALUES (301010,100202207,  1004, 9877002);
INSERT INTO CONSIGNMENT (CONSIGNMENT_ID ,CUSTOMER_ID ,VESSEL_ID ,LINER_ID) VALUES (301011,100202201,  1012, 9877002);

--TABLE : CONTAINER

--Creation
CREATE TABLE CONTAINER (CONTAINER_ID INT NOT NULL,CONTAINER_TYPE VARCHAR(10) ,VESSEL_ID INT,CONSIGNMENT_ID INT,BL_ID INT, PRIMARY KEY (CONTAINER_ID));
--Insertion

INSERT INTO CONTAINER ( CONTAINER_ID,CONTAINER_TYPE, VESSEL_ID, CONSIGNMENT_ID,BL_ID) VALUES (32567001,'20FT',1001,301001,12030001);
INSERT INTO CONTAINER ( CONTAINER_ID,CONTAINER_TYPE, VESSEL_ID, CONSIGNMENT_ID,BL_ID) VALUES (43743832,'20FT',1001,301001,12030001);
INSERT INTO CONTAINER ( CONTAINER_ID,CONTAINER_TYPE, VESSEL_ID, CONSIGNMENT_ID,BL_ID) VALUES (32345324,'40FT',1001,301001,12030001);
INSERT INTO CONTAINER ( CONTAINER_ID,CONTAINER_TYPE, VESSEL_ID, CONSIGNMENT_ID,BL_ID) VALUES (59854945,'40FT',1001,301001,12030001);
INSERT INTO CONTAINER ( CONTAINER_ID,CONTAINER_TYPE, VESSEL_ID, CONSIGNMENT_ID,BL_ID) VALUES (44892038,'40FT',1001,301001,12030001);
INSERT INTO CONTAINER ( CONTAINER_ID,CONTAINER_TYPE, VESSEL_ID, CONSIGNMENT_ID,BL_ID) VALUES (94937324,'20FT',1012,301002,12020011);
INSERT INTO CONTAINER ( CONTAINER_ID,CONTAINER_TYPE, VESSEL_ID, CONSIGNMENT_ID,BL_ID) VALUES (98431122,'20FT',1012,301002,12020011);
INSERT INTO CONTAINER ( CONTAINER_ID,CONTAINER_TYPE, VESSEL_ID, CONSIGNMENT_ID,BL_ID) VALUES (47382929,'20FT',1012,301002,12020011);
INSERT INTO CONTAINER ( CONTAINER_ID,CONTAINER_TYPE, VESSEL_ID, CONSIGNMENT_ID,BL_ID) VALUES (19823773,'20FT',1012,301002,12020011);
INSERT INTO CONTAINER ( CONTAINER_ID,CONTAINER_TYPE, VESSEL_ID, CONSIGNMENT_ID,BL_ID) VALUES (18283737,'40FT',1012,301002,12020011);
INSERT INTO CONTAINER ( CONTAINER_ID,CONTAINER_TYPE, VESSEL_ID, CONSIGNMENT_ID,BL_ID) VALUES (48422944,'20FT',1025,301003,12080010);
INSERT INTO CONTAINER ( CONTAINER_ID,CONTAINER_TYPE, VESSEL_ID, CONSIGNMENT_ID,BL_ID) VALUES (23838233,'20FT',1025,301003,12080010);
INSERT INTO CONTAINER ( CONTAINER_ID,CONTAINER_TYPE, VESSEL_ID, CONSIGNMENT_ID,BL_ID) VALUES (43938823,'40FT',1025,301003,12080010);
INSERT INTO CONTAINER ( CONTAINER_ID,CONTAINER_TYPE, VESSEL_ID, CONSIGNMENT_ID,BL_ID) VALUES (47858362,'20FT',1001,301004,12120027);
INSERT INTO CONTAINER ( CONTAINER_ID,CONTAINER_TYPE, VESSEL_ID, CONSIGNMENT_ID,BL_ID) VALUES (34873983,'20FT',1001,301004,12120027);
INSERT INTO CONTAINER ( CONTAINER_ID,CONTAINER_TYPE, VESSEL_ID, CONSIGNMENT_ID,BL_ID) VALUES (98038482,'20FT',1001,301004,12120027);
INSERT INTO CONTAINER ( CONTAINER_ID,CONTAINER_TYPE, VESSEL_ID, CONSIGNMENT_ID,BL_ID) VALUES (48589398,'40FT',1001,301004,12120027);
INSERT INTO CONTAINER ( CONTAINER_ID,CONTAINER_TYPE, VESSEL_ID, CONSIGNMENT_ID,BL_ID) VALUES (53847394,'40FT',1025,301005,12110025);
INSERT INTO CONTAINER ( CONTAINER_ID,CONTAINER_TYPE, VESSEL_ID, CONSIGNMENT_ID,BL_ID) VALUES (48374332,'40FT',1025,301005,12110025);
INSERT INTO CONTAINER ( CONTAINER_ID,CONTAINER_TYPE, VESSEL_ID, CONSIGNMENT_ID,BL_ID) VALUES (23409574,'20FT',1025,301005,12110025);
INSERT INTO CONTAINER ( CONTAINER_ID,CONTAINER_TYPE, VESSEL_ID, CONSIGNMENT_ID,BL_ID) VALUES (58483924,'20FT',1025,301005,12110025);
INSERT INTO CONTAINER ( CONTAINER_ID,CONTAINER_TYPE, VESSEL_ID, CONSIGNMENT_ID,BL_ID) VALUES (84574224,'20FT',1025,301005,12110025);
INSERT INTO CONTAINER ( CONTAINER_ID,CONTAINER_TYPE, VESSEL_ID, CONSIGNMENT_ID,BL_ID) VALUES (43847232,'40FT',1012,301006,12030013);
INSERT INTO CONTAINER ( CONTAINER_ID,CONTAINER_TYPE, VESSEL_ID, CONSIGNMENT_ID,BL_ID) VALUES (83433242,'40FT',1012,301006,12030013);
INSERT INTO CONTAINER ( CONTAINER_ID,CONTAINER_TYPE, VESSEL_ID, CONSIGNMENT_ID,BL_ID) VALUES (78346736,'40FT',1012,301006,12030013);
INSERT INTO CONTAINER ( CONTAINER_ID,CONTAINER_TYPE, VESSEL_ID, CONSIGNMENT_ID,BL_ID) VALUES (34433323,'20FT',1012,301006,12030013);
INSERT INTO CONTAINER ( CONTAINER_ID,CONTAINER_TYPE, VESSEL_ID, CONSIGNMENT_ID,BL_ID) VALUES (84549387,'20FT',1012,301006,12030013);
INSERT INTO CONTAINER ( CONTAINER_ID,CONTAINER_TYPE, VESSEL_ID, CONSIGNMENT_ID,BL_ID) VALUES (48798384,'40FT',1001,301007,12051025);
INSERT INTO CONTAINER ( CONTAINER_ID,CONTAINER_TYPE, VESSEL_ID, CONSIGNMENT_ID,BL_ID) VALUES (23203483,'40FT',1001,301007,12051025);
INSERT INTO CONTAINER ( CONTAINER_ID,CONTAINER_TYPE, VESSEL_ID, CONSIGNMENT_ID,BL_ID) VALUES (54372747,'40FT',1001,301007,12051025);
INSERT INTO CONTAINER ( CONTAINER_ID,CONTAINER_TYPE, VESSEL_ID, CONSIGNMENT_ID,BL_ID) VALUES (49838224,'40FT',1001,301007,12051025);
INSERT INTO CONTAINER ( CONTAINER_ID,CONTAINER_TYPE, VESSEL_ID, CONSIGNMENT_ID,BL_ID) VALUES (59484737,'20FT',1001,301007,12051025);
INSERT INTO CONTAINER ( CONTAINER_ID,CONTAINER_TYPE, VESSEL_ID, CONSIGNMENT_ID,BL_ID) VALUES (98458934,'20FT',1013,301008,12061510);
INSERT INTO CONTAINER ( CONTAINER_ID,CONTAINER_TYPE, VESSEL_ID, CONSIGNMENT_ID,BL_ID) VALUES (47383332,'20FT',1013,301008,12061510);
INSERT INTO CONTAINER ( CONTAINER_ID,CONTAINER_TYPE, VESSEL_ID, CONSIGNMENT_ID,BL_ID) VALUES (89477834,'40FT',1013,301008,12061510);
INSERT INTO CONTAINER ( CONTAINER_ID,CONTAINER_TYPE, VESSEL_ID, CONSIGNMENT_ID,BL_ID) VALUES (98374937,'40FT',1013,301008,12061510);
INSERT INTO CONTAINER ( CONTAINER_ID,CONTAINER_TYPE, VESSEL_ID, CONSIGNMENT_ID,BL_ID) VALUES (74373343,'40FT',1013,301008,12061510);
INSERT INTO CONTAINER ( CONTAINER_ID,CONTAINER_TYPE, VESSEL_ID, CONSIGNMENT_ID,BL_ID) VALUES (94743824,'20FT',1027,301009,12072801);
INSERT INTO CONTAINER ( CONTAINER_ID,CONTAINER_TYPE, VESSEL_ID, CONSIGNMENT_ID,BL_ID) VALUES (93438294,'40FT',1027,301009,12072801);
INSERT INTO CONTAINER ( CONTAINER_ID,CONTAINER_TYPE, VESSEL_ID, CONSIGNMENT_ID,BL_ID) VALUES (85838394,'40FT',1027,301009,12072801);
INSERT INTO CONTAINER ( CONTAINER_ID,CONTAINER_TYPE, VESSEL_ID, CONSIGNMENT_ID,BL_ID) VALUES (84939374,'40FT',1027,301009,12072801);
INSERT INTO CONTAINER ( CONTAINER_ID,CONTAINER_TYPE, VESSEL_ID, CONSIGNMENT_ID,BL_ID) VALUES (84839294,'20FT',1004,301010,12100401);
INSERT INTO CONTAINER ( CONTAINER_ID,CONTAINER_TYPE, VESSEL_ID, CONSIGNMENT_ID,BL_ID) VALUES (39478242,'20FT',1004,301010,12100401);
INSERT INTO CONTAINER ( CONTAINER_ID,CONTAINER_TYPE, VESSEL_ID, CONSIGNMENT_ID,BL_ID) VALUES (95849392,'20FT',1004,301010,12100401);
INSERT INTO CONTAINER ( CONTAINER_ID,CONTAINER_TYPE, VESSEL_ID, CONSIGNMENT_ID,BL_ID) VALUES (90274272,'40FT',1004,301010,12100401);
INSERT INTO CONTAINER ( CONTAINER_ID,CONTAINER_TYPE, VESSEL_ID, CONSIGNMENT_ID,BL_ID) VALUES (23647223,'40FT',1004,301010,12100401);
INSERT INTO CONTAINER ( CONTAINER_ID,CONTAINER_TYPE, VESSEL_ID, CONSIGNMENT_ID,BL_ID) VALUES (57392842,'20FT',1012,301011,12092701);
INSERT INTO CONTAINER ( CONTAINER_ID,CONTAINER_TYPE, VESSEL_ID, CONSIGNMENT_ID,BL_ID) VALUES (84738223,'40FT',1012,301011,12092701);
INSERT INTO CONTAINER ( CONTAINER_ID,CONTAINER_TYPE, VESSEL_ID, CONSIGNMENT_ID,BL_ID) VALUES (64732842,'40FT',1012,301011,12092701);


--TABLE : PACKING_LIST

--Creation
CREATE TABLE PACKING_LIST (PL_ID INT NOT NULL, INCO_TERMS CHAR (15),CARGO_DESCRIPTION VARCHAR (20), CARGO_WEIGHT INT, NUMBER_OF_PACKAGES INT, CARGO_VOLUME INT, CONSIGNMENT_ID INT, BL_ID INT, PRIMARY KEY (PL_ID));

--Insertion
INSERT INTO PACKING_LIST ( PL_ID, INCO_TERMS,CARGO_DESCRIPTION,CARGO_WEIGHT,NUMBER_OF_PACKAGES,CARGO_VOLUME,CONSIGNMENT_ID,BL_ID) VALUES (001,'CIF','DRY FOOD',19, 24, 28,301001,12030001);
INSERT INTO PACKING_LIST ( PL_ID, INCO_TERMS,CARGO_DESCRIPTION,CARGO_WEIGHT,NUMBER_OF_PACKAGES,CARGO_VOLUME,CONSIGNMENT_ID,BL_ID) VALUES (002,'CIF','DRY FOOD',20, 25, 30,301001,12030001);
INSERT INTO PACKING_LIST ( PL_ID, INCO_TERMS,CARGO_DESCRIPTION,CARGO_WEIGHT,NUMBER_OF_PACKAGES,CARGO_VOLUME,CONSIGNMENT_ID,BL_ID) VALUES (003,'CIF','DRY FOOD',25, 45, 65,301001,12030001);
INSERT INTO PACKING_LIST ( PL_ID, INCO_TERMS,CARGO_DESCRIPTION,CARGO_WEIGHT,NUMBER_OF_PACKAGES,CARGO_VOLUME,CONSIGNMENT_ID,BL_ID) VALUES (004,'CIF','DRY FOOD',26, 48, 58,301001,12030001);
INSERT INTO PACKING_LIST ( PL_ID, INCO_TERMS,CARGO_DESCRIPTION,CARGO_WEIGHT,NUMBER_OF_PACKAGES,CARGO_VOLUME,CONSIGNMENT_ID,BL_ID) VALUES (005,'CIF','DRY FOOD',26, 40, 60,301001,12030001);

INSERT INTO PACKING_LIST ( PL_ID, INCO_TERMS,CARGO_DESCRIPTION,CARGO_WEIGHT,NUMBER_OF_PACKAGES,CARGO_VOLUME,CONSIGNMENT_ID,BL_ID) VALUES (006,'CFR','TEXTILE',14, 15, 25,301002,12020011);
INSERT INTO PACKING_LIST ( PL_ID, INCO_TERMS,CARGO_DESCRIPTION,CARGO_WEIGHT,NUMBER_OF_PACKAGES,CARGO_VOLUME,CONSIGNMENT_ID,BL_ID) VALUES (007,'CFR','TEXTILE',15, 20, 21,301002,12020011);
INSERT INTO PACKING_LIST ( PL_ID, INCO_TERMS,CARGO_DESCRIPTION,CARGO_WEIGHT,NUMBER_OF_PACKAGES,CARGO_VOLUME,CONSIGNMENT_ID,BL_ID) VALUES (008,'CFR','TEXTILE',17, 18, 25,301002,12020011);
INSERT INTO PACKING_LIST ( PL_ID, INCO_TERMS,CARGO_DESCRIPTION,CARGO_WEIGHT,NUMBER_OF_PACKAGES,CARGO_VOLUME,CONSIGNMENT_ID,BL_ID) VALUES (009,'CFR','TEXTILE',18, 23, 27,301002,12020011);
INSERT INTO PACKING_LIST ( PL_ID, INCO_TERMS,CARGO_DESCRIPTION,CARGO_WEIGHT,NUMBER_OF_PACKAGES,CARGO_VOLUME,CONSIGNMENT_ID,BL_ID) VALUES (010,'CFR','TEXTILE',23, 38, 61,301002,12020011);


INSERT INTO PACKING_LIST ( PL_ID, INCO_TERMS,CARGO_DESCRIPTION,CARGO_WEIGHT,NUMBER_OF_PACKAGES,CARGO_VOLUME,CONSIGNMENT_ID,BL_ID) VALUES (011,'CFR','ELECTRONICS',15, 20, 18,301003,12080010);
INSERT INTO PACKING_LIST ( PL_ID, INCO_TERMS,CARGO_DESCRIPTION,CARGO_WEIGHT,NUMBER_OF_PACKAGES,CARGO_VOLUME,CONSIGNMENT_ID,BL_ID) VALUES (012,'CFR','ELECTRONICS',17, 21, 37,301003,12080010);
INSERT INTO PACKING_LIST ( PL_ID, INCO_TERMS,CARGO_DESCRIPTION,CARGO_WEIGHT,NUMBER_OF_PACKAGES,CARGO_VOLUME,CONSIGNMENT_ID,BL_ID) VALUES (013,'CFR','ELECTRONICS',24, 35, 58,301003,12080010);
INSERT INTO PACKING_LIST ( PL_ID, INCO_TERMS,CARGO_DESCRIPTION,CARGO_WEIGHT,NUMBER_OF_PACKAGES,CARGO_VOLUME,CONSIGNMENT_ID,BL_ID) VALUES (014,'CIF','MACHINERY',24, 1, 28,301004,12120027);
INSERT INTO PACKING_LIST ( PL_ID, INCO_TERMS,CARGO_DESCRIPTION,CARGO_WEIGHT,NUMBER_OF_PACKAGES,CARGO_VOLUME,CONSIGNMENT_ID,BL_ID) VALUES (015,'CIF','MACHINERY',25, 1, 27,301004,12120027);
INSERT INTO PACKING_LIST ( PL_ID, INCO_TERMS,CARGO_DESCRIPTION,CARGO_WEIGHT,NUMBER_OF_PACKAGES,CARGO_VOLUME,CONSIGNMENT_ID,BL_ID) VALUES (016,'CIF','MACHINERY',27,1, 24,301004,12120027);
INSERT INTO PACKING_LIST ( PL_ID, INCO_TERMS,CARGO_DESCRIPTION,CARGO_WEIGHT,NUMBER_OF_PACKAGES,CARGO_VOLUME,CONSIGNMENT_ID,BL_ID) VALUES (017,'CIF','MACHINERY',26, 2, 68,301004,12120027);

INSERT INTO PACKING_LIST ( PL_ID, INCO_TERMS,CARGO_DESCRIPTION,CARGO_WEIGHT,NUMBER_OF_PACKAGES,CARGO_VOLUME,CONSIGNMENT_ID,BL_ID) VALUES (018,'CIF','MACHINERY',24, 2, 65,301005,12110025);
INSERT INTO PACKING_LIST ( PL_ID, INCO_TERMS,CARGO_DESCRIPTION,CARGO_WEIGHT,NUMBER_OF_PACKAGES,CARGO_VOLUME,CONSIGNMENT_ID,BL_ID) VALUES (019,'CIF','MACHINERY',25, 2, 64,301005,12110025);
INSERT INTO PACKING_LIST ( PL_ID, INCO_TERMS,CARGO_DESCRIPTION,CARGO_WEIGHT,NUMBER_OF_PACKAGES,CARGO_VOLUME,CONSIGNMENT_ID,BL_ID) VALUES (020,'CIF','MACHINERY',14, 1, 25,301005,12110025);
INSERT INTO PACKING_LIST ( PL_ID, INCO_TERMS,CARGO_DESCRIPTION,CARGO_WEIGHT,NUMBER_OF_PACKAGES,CARGO_VOLUME,CONSIGNMENT_ID,BL_ID) VALUES (021,'CIF','MACHINERY',16, 1, 22,301005,12110025);
INSERT INTO PACKING_LIST ( PL_ID, INCO_TERMS,CARGO_DESCRIPTION,CARGO_WEIGHT,NUMBER_OF_PACKAGES,CARGO_VOLUME,CONSIGNMENT_ID,BL_ID) VALUES (022,'CIF','MACHINERY',14, 1, 23,301005,12110025);



INSERT INTO PACKING_LIST ( PL_ID, INCO_TERMS,CARGO_DESCRIPTION,CARGO_WEIGHT,NUMBER_OF_PACKAGES,CARGO_VOLUME,CONSIGNMENT_ID,BL_ID) VALUES (023,'CFR','DRY FOOD',23, 50, 65,301006,12030013);
INSERT INTO PACKING_LIST ( PL_ID, INCO_TERMS,CARGO_DESCRIPTION,CARGO_WEIGHT,NUMBER_OF_PACKAGES,CARGO_VOLUME,CONSIGNMENT_ID,BL_ID) VALUES (024,'CFR','DRY FOOD',25, 51, 66,301006,12030013);
INSERT INTO PACKING_LIST ( PL_ID, INCO_TERMS,CARGO_DESCRIPTION,CARGO_WEIGHT,NUMBER_OF_PACKAGES,CARGO_VOLUME,CONSIGNMENT_ID,BL_ID) VALUES (025,'CFR','DRY FOOD',24, 53, 67,301006,12030013);
INSERT INTO PACKING_LIST ( PL_ID, INCO_TERMS,CARGO_DESCRIPTION,CARGO_WEIGHT,NUMBER_OF_PACKAGES,CARGO_VOLUME,CONSIGNMENT_ID,BL_ID) VALUES (026,'CFR','DRY FOOD',29, 27,28,301006,12030013);
INSERT INTO PACKING_LIST ( PL_ID, INCO_TERMS,CARGO_DESCRIPTION,CARGO_WEIGHT,NUMBER_OF_PACKAGES,CARGO_VOLUME,CONSIGNMENT_ID,BL_ID) VALUES (027,'CFR','DRY FOOD', 16, 25,29 ,301006,12030013);

INSERT INTO PACKING_LIST ( PL_ID, INCO_TERMS,CARGO_DESCRIPTION,CARGO_WEIGHT,NUMBER_OF_PACKAGES,CARGO_VOLUME,CONSIGNMENT_ID,BL_ID) VALUES (028,'CFR','ELECTRONICS',16, 35,45 ,301007,12051025);
INSERT INTO PACKING_LIST ( PL_ID, INCO_TERMS,CARGO_DESCRIPTION,CARGO_WEIGHT,NUMBER_OF_PACKAGES,CARGO_VOLUME,CONSIGNMENT_ID,BL_ID) VALUES (029,'CFR','ELECTRONICS',17, 33,40 ,301007,12051025);
INSERT INTO PACKING_LIST ( PL_ID, INCO_TERMS,CARGO_DESCRIPTION,CARGO_WEIGHT,NUMBER_OF_PACKAGES,CARGO_VOLUME,CONSIGNMENT_ID,BL_ID) VALUES (030,'CFR','ELECTRONICS',17,34,39 ,301007,12051025);
INSERT INTO PACKING_LIST ( PL_ID, INCO_TERMS,CARGO_DESCRIPTION,CARGO_WEIGHT,NUMBER_OF_PACKAGES,CARGO_VOLUME,CONSIGNMENT_ID,BL_ID) VALUES (031,'CFR','ELECTRONICS',23, 45,47 ,301007,12051025);
INSERT INTO PACKING_LIST ( PL_ID, INCO_TERMS,CARGO_DESCRIPTION,CARGO_WEIGHT,NUMBER_OF_PACKAGES,CARGO_VOLUME,CONSIGNMENT_ID,BL_ID) VALUES (032,'CFR','ELECTRONICS',24, 20,24 ,301007,12051025);

INSERT INTO PACKING_LIST ( PL_ID, INCO_TERMS,CARGO_DESCRIPTION,CARGO_WEIGHT,NUMBER_OF_PACKAGES,CARGO_VOLUME,CONSIGNMENT_ID,BL_ID) VALUES (033,'CIF','TEXTILE', 17,35,24 ,301008,12061510);
INSERT INTO PACKING_LIST ( PL_ID, INCO_TERMS,CARGO_DESCRIPTION,CARGO_WEIGHT,NUMBER_OF_PACKAGES,CARGO_VOLUME,CONSIGNMENT_ID,BL_ID) VALUES (034,'CIF','TEXTILE', 18, 30,27 ,301008,12061510);
INSERT INTO PACKING_LIST ( PL_ID, INCO_TERMS,CARGO_DESCRIPTION,CARGO_WEIGHT,NUMBER_OF_PACKAGES,CARGO_VOLUME,CONSIGNMENT_ID,BL_ID) VALUES (035,'CIF','TEXTILE', 24,51,65 ,301008,12061510);
INSERT INTO PACKING_LIST ( PL_ID, INCO_TERMS,CARGO_DESCRIPTION,CARGO_WEIGHT,NUMBER_OF_PACKAGES,CARGO_VOLUME,CONSIGNMENT_ID,BL_ID) VALUES (036,'CIF','TEXTILE', 23,45,62 ,301008,12061510);
INSERT INTO PACKING_LIST ( PL_ID, INCO_TERMS,CARGO_DESCRIPTION,CARGO_WEIGHT,NUMBER_OF_PACKAGES,CARGO_VOLUME,CONSIGNMENT_ID,BL_ID) VALUES (037,'CIF','TEXTILE', 26,48,60 ,301008,12061510);


INSERT INTO PACKING_LIST ( PL_ID, INCO_TERMS,CARGO_DESCRIPTION,CARGO_WEIGHT,NUMBER_OF_PACKAGES,CARGO_VOLUME,CONSIGNMENT_ID,BL_ID) VALUES (038,'CIF','MACHINERY',17, 1,19 ,301009,12072801);
INSERT INTO PACKING_LIST ( PL_ID, INCO_TERMS,CARGO_DESCRIPTION,CARGO_WEIGHT,NUMBER_OF_PACKAGES,CARGO_VOLUME,CONSIGNMENT_ID,BL_ID) VALUES (039,'CIF','MACHINERY',18, 1,58 ,301009,12072801);
INSERT INTO PACKING_LIST ( PL_ID, INCO_TERMS,CARGO_DESCRIPTION,CARGO_WEIGHT,NUMBER_OF_PACKAGES,CARGO_VOLUME,CONSIGNMENT_ID,BL_ID) VALUES (040,'CIF','MACHINERY',18, 1,61 ,301009,12072801);
INSERT INTO PACKING_LIST ( PL_ID, INCO_TERMS,CARGO_DESCRIPTION,CARGO_WEIGHT,NUMBER_OF_PACKAGES,CARGO_VOLUME,CONSIGNMENT_ID,BL_ID) VALUES (041,'CIF','MACHINERY',24, 1,64 ,301009,12072801);



INSERT INTO PACKING_LIST ( PL_ID, INCO_TERMS,CARGO_DESCRIPTION,CARGO_WEIGHT,NUMBER_OF_PACKAGES,CARGO_VOLUME,CONSIGNMENT_ID,BL_ID) VALUES (042,'CFR','DRY FOOD',15, 30,27 ,301010,12100401);
INSERT INTO PACKING_LIST ( PL_ID, INCO_TERMS,CARGO_DESCRIPTION,CARGO_WEIGHT,NUMBER_OF_PACKAGES,CARGO_VOLUME,CONSIGNMENT_ID,BL_ID) VALUES (043,'CFR','DRY FOOD',14, 28,27 ,301010,12100401);
INSERT INTO PACKING_LIST ( PL_ID, INCO_TERMS,CARGO_DESCRIPTION,CARGO_WEIGHT,NUMBER_OF_PACKAGES,CARGO_VOLUME,CONSIGNMENT_ID,BL_ID) VALUES (044,'CFR','DRY FOOD',13, 31,29 ,301010,12100401);
INSERT INTO PACKING_LIST ( PL_ID, INCO_TERMS,CARGO_DESCRIPTION,CARGO_WEIGHT,NUMBER_OF_PACKAGES,CARGO_VOLUME,CONSIGNMENT_ID,BL_ID) VALUES (045,'CFR','DRY FOOD',19, 44,50 ,301010,12100401);
INSERT INTO PACKING_LIST ( PL_ID, INCO_TERMS,CARGO_DESCRIPTION,CARGO_WEIGHT,NUMBER_OF_PACKAGES,CARGO_VOLUME,CONSIGNMENT_ID,BL_ID) VALUES (046,'CFR','DRY FOOD', 20,52, 62 ,301010,12100401);

INSERT INTO PACKING_LIST ( PL_ID, INCO_TERMS,CARGO_DESCRIPTION,CARGO_WEIGHT,NUMBER_OF_PACKAGES,CARGO_VOLUME,CONSIGNMENT_ID,BL_ID) VALUES (047,'CIF','ELECTRONICS',14, 23, 21 ,301011,12092701);
INSERT INTO PACKING_LIST ( PL_ID, INCO_TERMS,CARGO_DESCRIPTION,CARGO_WEIGHT,NUMBER_OF_PACKAGES,CARGO_VOLUME,CONSIGNMENT_ID,BL_ID) VALUES (048,'CIF','ELECTRONICS',15, 39, 45 ,301011,12092701);
INSERT INTO PACKING_LIST ( PL_ID, INCO_TERMS,CARGO_DESCRIPTION,CARGO_WEIGHT,NUMBER_OF_PACKAGES,CARGO_VOLUME,CONSIGNMENT_ID,BL_ID) VALUES (049,'CIF','ELECTRONICS',23, 44, 51 ,301011,12092701);
  
--TABLE : BILL_OF_LADING
--Creation

CREATE TABLE BILL_OF_LADING(BL_ID INT NOT NULL, BL_DATE DATE,OCEAN_FREIGHT FLOAT, PRIMARY KEY(BL_ID));

--Insertion

INSERT INTO BILL_OF_LADING(BL_ID,BL_DATE, OCEAN_FREIGHT) VALUES (12030001,'02-MAR-12',28500);
INSERT INTO BILL_OF_LADING(BL_ID,BL_DATE, OCEAN_FREIGHT) VALUES (12020011,'11-FEB-12',13400);
INSERT INTO BILL_OF_LADING(BL_ID,BL_DATE, OCEAN_FREIGHT) VALUES (12080010,'10-AUG-12',8800);
INSERT INTO BILL_OF_LADING(BL_ID,BL_DATE, OCEAN_FREIGHT) VALUES (12120027,'12-DEC-12',16500);
INSERT INTO BILL_OF_LADING(BL_ID,BL_DATE, OCEAN_FREIGHT) VALUES (12110025,'05-NOV-12',15800);
INSERT INTO BILL_OF_LADING(BL_ID,BL_DATE, OCEAN_FREIGHT) VALUES (12030013,'09-MAR-12',19800);
INSERT INTO BILL_OF_LADING(BL_ID,BL_DATE, OCEAN_FREIGHT) VALUES (12051025,'06-MAY-12',33000);
INSERT INTO BILL_OF_LADING(BL_ID,BL_DATE, OCEAN_FREIGHT) VALUES (12061510,'05-JUN-12',25300);
INSERT INTO BILL_OF_LADING(BL_ID,BL_DATE, OCEAN_FREIGHT) VALUES (12072801,'08-JUL-12',28700);
INSERT INTO BILL_OF_LADING(BL_ID,BL_DATE, OCEAN_FREIGHT) VALUES (12100401,'04-OCT-12',23600);
INSERT INTO BILL_OF_LADING(BL_ID,BL_DATE, OCEAN_FREIGHT) VALUES (12092701,'08-SEP-12',12500);S
